Area,Legacy Surface,Current Surface,Legacy Source,Current Source,Parity Status,Risk,Gap / Note,Recommended Action
RTU,/check_time.php,/check_time.php,camr_robinsons routes + CAMRGatewayDeviceController,dec-camr routes + RtuProtocolController,Parity,Low,Plain timestamp response preserved,Keep covered by RtuProtocolTest
RTU,/rtu/index.php/rtu/rtu_check_update/{mac}/get_update_csv,Same route,camr_robinsons routes + CAMRGatewayDeviceController,dec-camr routes + RtuProtocolController,Parity,Medium,Missing MAC returns server error in both legacy-style behavior and current implementation,Retain unless architect approves safer protocol change
RTU,/rtu/index.php/rtu/rtu_check_update/{mac}/get_content_csv,Same route,camr_robinsons CAMRGatewayDeviceController,dec-camr RtuProtocolController,Substantial Parity,High,Representative CSV row shape preserved; exhaustive meter-default edge cases may need more field samples,Add fixture tests if real gateway CSV content expectations emerge
RTU,/rtu/index.php/rtu/rtu_check_update/{mac}/reset_update_csv,Same route,camr_robinsons CAMRGatewayDeviceController,dec-camr RtuProtocolController,Substantial Parity,Medium,Current reset is idempotent and compatible,Keep behavior
RTU,/rtu/index.php/rtu/rtu_check_update/{mac}/get_update_location,Same route,camr_robinsons CAMRGatewayDeviceController,dec-camr RtuProtocolController,Parity,Medium,Flag response preserved,Keep covered
RTU,/rtu/index.php/rtu/rtu_check_update/{mac}/get_content_location,Same route,camr_robinsons CAMRGatewayDeviceController,dec-camr RtuProtocolController,Parity,Medium,"location = ""SITE_CODE"" payload preserved",Keep covered
RTU,/rtu/index.php/rtu/rtu_check_update/{mac}/reset_update_location,Same route,camr_robinsons CAMRGatewayDeviceController,dec-camr RtuProtocolController,Parity,Medium,Empty reset response preserved,Keep covered
RTU,/rtu/index.php/rtu/rtu_check_update/{mac}/rtu_remote_ssh,Same route,camr_robinsons CAMRGatewayDeviceController,dec-camr RtuProtocolController,Parity,Medium,SSH flag response preserved,Keep covered
RTU,/rtu/index.php/rtu/rtu_check_update/{mac}/force_lp,Same route,camr_robinsons CAMRGatewayDeviceController,dec-camr RtuProtocolController,Parity,Medium,Force LP flag response preserved,Keep covered
RTU,/rtu/index.php/rtu/rtu_check_update/{mac}/reset_force_lp,Same route,camr_robinsons CAMRGatewayDeviceController,dec-camr RtuProtocolController,Parity,Medium,Empty reset response preserved,Keep covered
Gateway Posting,/http_post_server.php,/http_post_server.php,camr_robinsons public/http_post_server.php,dec-camr RtuProtocolController + IngestRtuTelemetryAction,Substantial Parity,Critical,"Plain OK response and primary side effects preserved; idempotency and malformed-payload normalization differ intentionally",Keep MIG-001 accepted with residual differences and validate with real field payloads
Gateway Posting,save_to_meter_data=1 insert behavior,save_to_meter_data=1 upsert-compatible behavior,camr_robinsons public/http_post_server.php,dec-camr IngestRtuTelemetryAction,Substantial Parity,Critical,Legacy INSERT IGNORE replaced by identity update/insert to handle corrected retries without gateway payload changes,Retain current idempotency path
Gateway Posting,save_to_meter_data!=1 acknowledgment,save_to_meter_data!=1 acknowledgment,camr_robinsons public/http_post_server.php,dec-camr IngestRtuTelemetryAction,Parity,High,No meter_data persistence or downstream update,Keep covered
Gateway Posting,meter_rtu freshness and soft_rev update,meter_rtu freshness and soft_rev update,camr_robinsons public/http_post_server.php,dec-camr IngestRtuTelemetryAction,Substantial Parity,Critical,Current adds fallback by MAC for replay/report-compatible identifiers,Validate against production gateway location values
Gateway Posting,meter_details last_log_update update,meter_details last_log_update update,camr_robinsons public/http_post_server.php,dec-camr IngestRtuTelemetryAction,Substantial Parity,High,Current adds fallback by meter_name if strict site_code match misses,Keep until identifier policy is fully normalized
Gateway Posting,meter_site last_log_update update,meter_site last_log_update update,camr_robinsons public/http_post_server.php,dec-camr IngestRtuTelemetryAction,Parity,High,Strict site_code/location dependency remains important,Validate field payload location semantics
Gateway Posting,Direct PHP warning-prone malformed behavior,Normalized Laravel malformed behavior,camr_robinsons public/http_post_server.php,dec-camr IngestRtuTelemetryAction,Accepted Residual Difference,High,Laravel normalizes invalid numerics and timestamps while preserving OK response,Document as residual and avoid strict payload rejection
Simulation,None legacy validation infrastructure,camr:simulate / camr:replay-telemetry / camr:scenario,N/A,dec-camr routes/console + actions,Intentional Modernization,Medium,Simulation is validation infrastructure not legacy feature,Retain for SCADA-style UI and analytics validation
UI Login,Legacy username login,/ and POST /login-user,camr_robinsons auth controller,dec-camr LegacyAuthController,Parity,Low,Username and loginID behavior preserved,Keep tests
UI Operator Home,Legacy site/dashboard flow,/site primary and /dashboard compatibility,camr_robinsons routes and views,dec-camr Site/Dashboard controllers + Vue,Intentional Modernization,Medium,/site remains operator home while dashboard route remains compatibility,Do not remove /dashboard
UI Company,/company,/company,camr_robinsons company controller/views,dec-camr CompanyController + Company.vue,Substantial Parity,Low,Workflow preserved with modern layout,Keep route and field names stable
UI Division,/division,/division,camr_robinsons division controller/views,dec-camr DivisionController + Division.vue,Substantial Parity,Low,Workflow preserved with modern layout,Keep route and field names stable
UI Configuration,/configuration_file,/configuration_file,camr_robinsons configuration controller/views,dec-camr ConfigurationFileController + Vue,Partial,High,Web settings/logo behavior remains MIG-006,Plan focused configuration hardening
UI Site,/site,/site,camr_robinsons site controller/views,dec-camr SiteController + Site.vue,Substantial Parity,Medium,Operator home role adds modern console behavior,Preserve legacy maintenance workflow
UI Building,/building,/building,camr_robinsons building routes/controllers,dec-camr BuildingController + Building.vue,Substantial Parity,Low,Maintenance route surface migrated,Keep tests
UI Meter Location,Meter location routes,Meter location routes,camr_robinsons meter location behavior,dec-camr MeterLocationController + tests,Substantial Parity,Low,Route/list/mutation behavior covered,Keep tests
UI Gateway,/gateway,/gateway,camr_robinsons CAMRGatewayController,dec-camr GatewayController + Gateway.vue,Substantial Parity,High,Maintenance migrated; live operation command workflow still evolving,Separate maintenance from operations investigation
UI Meter,/meter,/meter,camr_robinsons meter controller,dec-camr MeterController + Meter.vue,Substantial Parity,High,Maintenance and import covered; live telemetry investigation still evolving,Use Live Operations for SCADA investigation
UI User,/user and /user_site_access,/user and /user_site_access,camr_robinsons user controllers,dec-camr UserController + UserSiteAccessController,Substantial Parity,High,MIG-007 remains for access mutation side effects,Validate side effects and scoped visibility
UI Reports,Raw/SAP/Site/Consumption/Demand reports,Same report route family,camr_robinsons report controllers,dec-camr ReportController + Reports.vue,Substantial Parity,High,MIG-002 accepted with residual workbook parity differences,Continue long-term report regression hardening
UI Analytics,None legacy equivalent,/analytics,N/A,dec-camr AnalyticsController + Analytics.vue,Intentional Modernization,Medium,New Analytics Workbench complements Reports and Operator Console,Do not treat as legacy report replacement
UI DataTables,Legacy DataTables list behavior,Modern list/data contract behavior,camr_robinsons controllers/DataTables,dec-camr list actions/tests,Partial,High,MIG-005 remains In Review,Close list parity residuals after UI modernization
UI Browser characterization,Legacy browser workflows,Copied reference specs plus feature/operator tests,camr_robinsons browser characterization,dec-camr tests and docs,Partial,Medium,Copied browser specs remain reference not fully enabled,Continue replacing with operator journey tests
